{
	"partitions" : [
		{
			"name" : "Top",
			"pins" : [
				{
					"name" : "o_leds[0]",
					"strict" : false
				},
				{
					"name" : "o_leds[1]",
					"strict" : false
				},
				{
					"name" : "o_leds[2]",
					"strict" : false
				},
				{
					"name" : "o_leds[3]",
					"strict" : false
				},
				{
					"name" : "o_leds[4]",
					"strict" : false
				},
				{
					"name" : "o_leds[5]",
					"strict" : false
				},
				{
					"name" : "o_leds[6]",
					"strict" : false
				},
				{
					"name" : "o_leds[7]",
					"strict" : false
				},
				{
					"name" : "o_leds[8]",
					"strict" : false
				},
				{
					"name" : "o_leds[9]",
					"strict" : false
				},
				{
					"name" : "io_hdmi_i2c_scl",
					"strict" : false
				},
				{
					"name" : "io_hdmi_i2c_sda",
					"strict" : false
				},
				{
					"name" : "i_clk_50",
					"strict" : false
				},
				{
					"name" : "i_rst_n",
					"strict" : false
				},
				{
					"name" : "i_right_ch_b",
					"strict" : false
				},
				{
					"name" : "i_right_ch_a",
					"strict" : false
				},
				{
					"name" : "i_hdmi_tx_int",
					"strict" : false
				}
			]
		}
	]
}